ZIP CODE,City,County,Type
ZIP Code 73001,Albert,Caddo,P.O. Box
ZIP Code 73002,Alex,Grady,Standard
ZIP Code 73003,Edmond,Oklahoma,Standard
ZIP Code 73004,Amber,Grady,Standard
ZIP Code 73005,Anadarko,Caddo,Standard
ZIP Code 73006,Apache,Caddo,Standard
ZIP Code 73007,Arcadia,Oklahoma,Standard
ZIP Code 73008,Bethany,Oklahoma,Standard
ZIP Code 73009,Binger,Caddo,Standard
ZIP Code 73010,Blanchard,Mcclain,Standard
ZIP Code 73011,Bradley,Grady,Standard
ZIP Code 73012,Edmond,Oklahoma,Standard
ZIP Code 73013,Edmond,Oklahoma,Standard
ZIP Code 73014,Calumet,Canadian,Standard
ZIP Code 73015,Carnegie,Caddo,Standard
ZIP Code 73016,Cashion,Kingfisher,Standard
ZIP Code 73017,Cement,Caddo,Standard
ZIP Code 73018,Chickasha,Grady,Standard
ZIP Code 73019,Norman,Cleveland,Unique
ZIP Code 73020,Choctaw,Oklahoma,Standard
ZIP Code 73021,Colony,Washita,Standard
ZIP Code 73022,Concho,Canadian,P.O. Box
ZIP Code 73023,Chickasha,Grady,P.O. Box
ZIP Code 73024,Corn,Washita,Standard
ZIP Code 73025,Edmond,Oklahoma,Standard
ZIP Code 73026,Norman,Cleveland,Standard
ZIP Code 73027,Coyle,Logan,Standard
ZIP Code 73028,Crescent,Logan,Standard
ZIP Code 73029,Cyril,Caddo,Standard
ZIP Code 73030,Davis,Murray,Standard
ZIP Code 73031,Dibble,Mcclain,P.O. Box
ZIP Code 73032,Dougherty,Murray,P.O. Box
ZIP Code 73033,Eakly,Caddo,P.O. Box
ZIP Code 73034,Edmond,Oklahoma,Standard
ZIP Code 73036,El Reno,Canadian,Standard
ZIP Code 73038,Fort Cobb,Caddo,Standard
ZIP Code 73039,Davis,Murray,P.O. Box
ZIP Code 73040,Geary,Blaine,Standard
ZIP Code 73041,Gotebo,Kiowa,Standard
ZIP Code 73042,Gracemont,Caddo,Standard
ZIP Code 73043,Greenfield,Blaine,Standard
ZIP Code 73044,Guthrie,Logan,Standard
ZIP Code 73045,Harrah,Oklahoma,Standard
ZIP Code 73047,Hinton,Caddo,Standard
ZIP Code 73048,Hydro,Caddo,Standard
ZIP Code 73049,Jones,Oklahoma,Standard
ZIP Code 73050,Langston,Logan,P.O. Box
ZIP Code 73051,Lexington,Cleveland,Standard
ZIP Code 73052,Lindsay,Garvin,Standard
ZIP Code 73053,Lookeba,Caddo,Standard
ZIP Code 73054,Luther,Oklahoma,Standard
ZIP Code 73055,Marlow,Stephens,Standard
ZIP Code 73056,Marshall,Logan,Standard
ZIP Code 73057,Maysville,Garvin,Standard
ZIP Code 73058,Meridian,Logan,Standard
ZIP Code 73059,Minco,Grady,Standard
ZIP Code 73061,Morrison,Noble,Standard
ZIP Code 73062,Mountain View,Kiowa,Standard
ZIP Code 73063,Mulhall,Logan,Standard
ZIP Code 73064,Mustang,Canadian,Standard
ZIP Code 73065,Newcastle,Mcclain,Standard
ZIP Code 73066,Nicoma Park,Oklahoma,P.O. Box
ZIP Code 73067,Ninnekah,Grady,Standard
ZIP Code 73068,Noble,Cleveland,Standard
ZIP Code 73069,Norman,Cleveland,Standard
ZIP Code 73070,Norman,Cleveland,P.O. Box
ZIP Code 73071,Norman,Cleveland,Standard
ZIP Code 73072,Norman,Cleveland,Standard
ZIP Code 73073,Orlando,Logan,Standard
ZIP Code 73074,Paoli,Garvin,Standard
ZIP Code 73075,Pauls Valley,Garvin,Standard
ZIP Code 73077,Perry,Noble,Standard
ZIP Code 73078,Piedmont,Canadian,Standard
ZIP Code 73079,Pocasset,Grady,Standard
ZIP Code 73080,Purcell,Mcclain,Standard
ZIP Code 73082,Rush Springs,Grady,Standard
ZIP Code 73083,Edmond,Oklahoma,P.O. Box
ZIP Code 73084,Spencer,Oklahoma,Standard
ZIP Code 73085,Yukon,Canadian,P.O. Box
ZIP Code 73086,Sulphur,Murray,Standard
ZIP Code 73089,Tuttle,Grady,Standard
ZIP Code 73090,Union City,Canadian,Standard
ZIP Code 73092,Verden,Grady,Standard
ZIP Code 73093,Washington,Mcclain,Standard
ZIP Code 73095,Wayne,Mcclain,Standard
ZIP Code 73096,Weatherford,Custer,Standard
ZIP Code 73097,Wheatland,Oklahoma,P.O. Box
ZIP Code 73098,Wynnewood,Garvin,Standard
ZIP Code 73099,Yukon,Canadian,Standard
ZIP Code 73101,Oklahoma City,Oklahoma,P.O. Box
ZIP Code 73102,Oklahoma City,Oklahoma,Standard
ZIP Code 73103,Oklahoma City,Oklahoma,Standard
ZIP Code 73104,Oklahoma City,Oklahoma,Standard
ZIP Code 73105,Oklahoma City,Oklahoma,Standard
ZIP Code 73106,Oklahoma City,Oklahoma,Standard
ZIP Code 73107,Oklahoma City,Oklahoma,Standard
ZIP Code 73108,Oklahoma City,Oklahoma,Standard
ZIP Code 73109,Oklahoma City,Oklahoma,Standard
ZIP Code 73110,Oklahoma City,Oklahoma,Standard
ZIP Code 73111,Oklahoma City,Oklahoma,Standard
ZIP Code 73112,Oklahoma City,Oklahoma,Standard
ZIP Code 73113,Oklahoma City,Oklahoma,P.O. Box
ZIP Code 73114,Oklahoma City,Oklahoma,Standard
ZIP Code 73115,Oklahoma City,Oklahoma,Standard
ZIP Code 73116,Oklahoma City,Oklahoma,Standard
ZIP Code 73117,Oklahoma City,Oklahoma,Standard
ZIP Code 73118,Oklahoma City,Oklahoma,Standard
ZIP Code 73119,Oklahoma City,Oklahoma,Standard
ZIP Code 73120,Oklahoma City,Oklahoma,Standard
ZIP Code 73121,Oklahoma City,Oklahoma,Standard
ZIP Code 73122,Oklahoma City,Oklahoma,Standard
ZIP Code 73123,Oklahoma City,Oklahoma,P.O. Box
ZIP Code 73124,Oklahoma City,Oklahoma,P.O. Box
ZIP Code 73125,Oklahoma City,Oklahoma,P.O. Box
ZIP Code 73126,Oklahoma City,Oklahoma,P.O. Box
ZIP Code 73127,Oklahoma City,Oklahoma,Standard
ZIP Code 73128,Oklahoma City,Oklahoma,Standard
ZIP Code 73129,Oklahoma City,Oklahoma,Standard
ZIP Code 73130,Oklahoma City,Oklahoma,Standard
ZIP Code 73131,Oklahoma City,Oklahoma,Standard
ZIP Code 73132,Oklahoma City,Oklahoma,Standard
ZIP Code 73134,Oklahoma City,Oklahoma,Standard
ZIP Code 73135,Oklahoma City,Oklahoma,Standard
ZIP Code 73136,Oklahoma City,Oklahoma,P.O. Box
ZIP Code 73137,Oklahoma City,Oklahoma,P.O. Box
ZIP Code 73139,Oklahoma City,Oklahoma,Standard
ZIP Code 73140,Oklahoma City,Oklahoma,P.O. Box
ZIP Code 73141,Oklahoma City,Oklahoma,Standard
ZIP Code 73142,Oklahoma City,Oklahoma,Standard
ZIP Code 73143,Oklahoma City,Oklahoma,P.O. Box
ZIP Code 73144,Oklahoma City,Oklahoma,P.O. Box
ZIP Code 73145,Oklahoma City,Oklahoma,Standard
ZIP Code 73145,Tinker AFB,Oklahoma,Standard
ZIP Code 73146,Oklahoma City,Oklahoma,P.O. Box
ZIP Code 73147,Oklahoma City,Oklahoma,P.O. Box
ZIP Code 73148,Oklahoma City,Oklahoma,P.O. Box
ZIP Code 73149,Oklahoma City,Oklahoma,Standard
ZIP Code 73150,Oklahoma City,Oklahoma,Standard
ZIP Code 73151,Oklahoma City,Oklahoma,Standard
ZIP Code 73152,Oklahoma City,Oklahoma,P.O. Box
ZIP Code 73153,Oklahoma City,Cleveland,P.O. Box
ZIP Code 73154,Oklahoma City,Oklahoma,P.O. Box
ZIP Code 73155,Oklahoma City,Oklahoma,P.O. Box
ZIP Code 73156,Oklahoma City,Oklahoma,P.O. Box
ZIP Code 73157,Oklahoma City,Oklahoma,P.O. Box
ZIP Code 73159,Oklahoma City,Oklahoma,Standard
ZIP Code 73160,Oklahoma City,Cleveland,Standard
ZIP Code 73162,Oklahoma City,Oklahoma,Standard
ZIP Code 73163,Oklahoma City,Oklahoma,Standard
ZIP Code 73164,Oklahoma City,Oklahoma,P.O. Box
ZIP Code 73165,Oklahoma City,Cleveland,Standard
ZIP Code 73167,Oklahoma City,Oklahoma,Standard
ZIP Code 73169,Oklahoma City,Oklahoma,Standard
ZIP Code 73170,Oklahoma City,Cleveland,Standard
ZIP Code 73172,Oklahoma City,Oklahoma,P.O. Box
ZIP Code 73173,Oklahoma City,Oklahoma,Standard
ZIP Code 73178,Oklahoma City,Oklahoma,P.O. Box
ZIP Code 73179,Oklahoma City,Oklahoma,Standard
ZIP Code 73184,Oklahoma City,Oklahoma,Unique
ZIP Code 73189,Oklahoma City,Cleveland,P.O. Box
ZIP Code 73190,Oklahoma City,Oklahoma,Unique
ZIP Code 73194,Oklahoma City,Oklahoma,Unique
ZIP Code 73195,Oklahoma City,Oklahoma,Standard
ZIP Code 73196,Oklahoma City,Oklahoma,Unique
ZIP Code 73401,Ardmore,Carter,Standard
ZIP Code 73402,Ardmore,Carter,P.O. Box
ZIP Code 73403,Ardmore,Carter,P.O. Box
ZIP Code 73425,Countyline,Stephens,P.O. Box
ZIP Code 73430,Burneyville,Love,Standard
ZIP Code 73432,Coleman,Johnston,Standard
ZIP Code 73433,Elmore City,Garvin,Standard
ZIP Code 73434,Foster,Stephens,Standard
ZIP Code 73435,Fox,Carter,P.O. Box
ZIP Code 73436,Gene Autry,Carter,P.O. Box
ZIP Code 73437,Graham,Carter,Standard
ZIP Code 73438,Healdton,Carter,Standard
ZIP Code 73439,Kingston,Marshall,Standard
ZIP Code 73440,Lebanon,Marshall,Standard
ZIP Code 73441,Leon,Love,Standard
ZIP Code 73442,Loco,Stephens,Standard
ZIP Code 73443,Lone Grove,Carter,Standard
ZIP Code 73444,Hennepin,Carter,Standard
ZIP Code 73446,Madill,Marshall,Standard
ZIP Code 73447,Mannsville,Johnston,Standard
ZIP Code 73448,Marietta,Love,Standard
ZIP Code 73449,Mead,Bryan,Standard
ZIP Code 73450,Milburn,Johnston,Standard
ZIP Code 73453,Overbrook,Love,Standard
ZIP Code 73455,Ravia,Johnston,P.O. Box
ZIP Code 73456,Ringling,Jefferson,Standard
ZIP Code 73458,Springer,Carter,Standard
ZIP Code 73459,Thackerville,Love,Standard
ZIP Code 73460,Tishomingo,Johnston,Standard
ZIP Code 73461,Wapanucka,Johnston,Standard
ZIP Code 73463,Wilson,Carter,Standard
ZIP Code 73481,Ratliff City,Carter,Standard
ZIP Code 73487,Tatums,Carter,P.O. Box
ZIP Code 73488,Tussy,Carter,Standard
ZIP Code 73491,Velma,Stephens,P.O. Box
ZIP Code 73501,Lawton,Comanche,Standard
ZIP Code 73502,Lawton,Comanche,P.O. Box
ZIP Code 73503,Fort Sill,Comanche,Standard
ZIP Code 73505,Lawton,Comanche,Standard
ZIP Code 73506,Lawton,Comanche,P.O. Box
ZIP Code 73507,Lawton,Comanche,Standard
ZIP Code 73520,Addington,Jefferson,P.O. Box
ZIP Code 73521,Altus,Jackson,Standard
ZIP Code 73522,Altus,Jackson,P.O. Box
ZIP Code 73523,Altus AFB,Jackson,Standard
ZIP Code 73526,Blair,Jackson,Standard
ZIP Code 73527,Cache,Comanche,Standard
ZIP Code 73528,Chattanooga,Comanche,Standard
ZIP Code 73529,Comanche,Stephens,Standard
ZIP Code 73530,Davidson,Tillman,Standard
ZIP Code 73531,Devol,Cotton,Standard
ZIP Code 73532,Duke,Jackson,Standard
ZIP Code 73533,Duncan,Stephens,Standard
ZIP Code 73534,Duncan,Stephens,P.O. Box
ZIP Code 73536,Duncan,Stephens,Unique
ZIP Code 73537,Eldorado,Jackson,Standard
ZIP Code 73538,Elgin,Comanche,Standard
ZIP Code 73539,Elmer,Jackson,Standard
ZIP Code 73540,Faxon,Comanche,Standard
ZIP Code 73541,Fletcher,Comanche,Standard
ZIP Code 73542,Frederick,Tillman,Standard
ZIP Code 73543,Geronimo,Comanche,Standard
ZIP Code 73544,Gould,Harmon,Standard
ZIP Code 73546,Grandfield,Tillman,Standard
ZIP Code 73547,Granite,Greer,Standard
ZIP Code 73548,Hastings,Jefferson,Standard
ZIP Code 73549,Headrick,Jackson,Standard
ZIP Code 73550,Hollis,Harmon,Standard
ZIP Code 73551,Hollister,Tillman,Standard
ZIP Code 73552,Indiahoma,Comanche,Standard
ZIP Code 73553,Loveland,Tillman,Standard
ZIP Code 73554,Mangum,Greer,Standard
ZIP Code 73555,Manitou,Tillman,P.O. Box
ZIP Code 73556,Martha,Jackson,P.O. Box
ZIP Code 73557,Medicine Park,Comanche,P.O. Box
ZIP Code 73558,Meers,Comanche,P.O. Box
ZIP Code 73559,Mountain Park,Kiowa,Standard
ZIP Code 73560,Olustee,Jackson,Standard
ZIP Code 73561,Oscar,Jefferson,Standard
ZIP Code 73562,Randlett,Cotton,Standard
ZIP Code 73564,Roosevelt,Kiowa,Standard
ZIP Code 73565,Ryan,Jefferson,Standard
ZIP Code 73566,Snyder,Kiowa,Standard
ZIP Code 73567,Sterling,Comanche,P.O. Box
ZIP Code 73568,Temple,Cotton,Standard
ZIP Code 73569,Terral,Jefferson,Standard
ZIP Code 73570,Tipton,Tillman,Standard
ZIP Code 73571,Vinson,Harmon,Standard
ZIP Code 73572,Walters,Cotton,Standard
ZIP Code 73573,Waurika,Jefferson,Standard
ZIP Code 73601,Clinton,Custer,Standard
ZIP Code 73620,Arapaho,Custer,Standard
ZIP Code 73622,Bessie,Washita,Standard
ZIP Code 73624,Burns Flat,Washita,P.O. Box
ZIP Code 73625,Butler,Custer,Standard
ZIP Code 73626,Canute,Washita,Standard
ZIP Code 73627,Carter,Beckham,Standard
ZIP Code 73628,Cheyenne,Roger Mills,Standard
ZIP Code 73632,Cordell,Washita,Standard
ZIP Code 73638,Crawford,Roger Mills,Standard
ZIP Code 73639,Custer City,Custer,Standard
ZIP Code 73641,Dill City,Washita,Standard
ZIP Code 73642,Durham,Roger Mills,Standard
ZIP Code 73644,Elk City,Beckham,Standard
ZIP Code 73645,Erick,Beckham,Standard
ZIP Code 73646,Fay,Dewey,Standard
ZIP Code 73647,Foss,Washita,Standard
ZIP Code 73648,Elk City,Beckham,P.O. Box
ZIP Code 73650,Hammon,Roger Mills,Standard
ZIP Code 73651,Hobart,Kiowa,Standard
ZIP Code 73654,Leedey,Dewey,Standard
ZIP Code 73655,Lone Wolf,Kiowa,Standard
ZIP Code 73658,Oakwood,Dewey,Standard
ZIP Code 73659,Putnam,Dewey,Standard
ZIP Code 73660,Reydon,Roger Mills,Standard
ZIP Code 73661,Rocky,Washita,Standard
ZIP Code 73662,Sayre,Beckham,Standard
ZIP Code 73663,Seiling,Dewey,Standard
ZIP Code 73664,Sentinel,Washita,Standard
ZIP Code 73666,Sweetwater,Roger Mills,Standard
ZIP Code 73667,Taloga,Dewey,Standard
ZIP Code 73668,Texola,Beckham,Standard
ZIP Code 73669,Thomas,Custer,Standard
ZIP Code 73673,Willow,Greer,Standard
ZIP Code 73701,Enid,Garfield,Standard
ZIP Code 73702,Enid,Garfield,P.O. Box
ZIP Code 73703,Enid,Garfield,Standard
ZIP Code 73705,Enid,Garfield,Standard
ZIP Code 73706,Enid,Garfield,P.O. Box
ZIP Code 73716,Aline,Alfalfa,Standard
ZIP Code 73717,Alva,Woods,Standard
ZIP Code 73718,Ames,Major,Standard
ZIP Code 73719,Amorita,Alfalfa,Standard
ZIP Code 73720,Bison,Garfield,Standard
ZIP Code 73722,Burlington,Alfalfa,Standard
ZIP Code 73724,Canton,Blaine,Standard
ZIP Code 73726,Carmen,Alfalfa,Standard
ZIP Code 73727,Carrier,Garfield,Standard
ZIP Code 73728,Cherokee,Alfalfa,Standard
ZIP Code 73729,Cleo Springs,Major,Standard
ZIP Code 73730,Covington,Garfield,Standard
ZIP Code 73731,Dacoma,Woods,Standard
ZIP Code 73733,Douglas,Garfield,Standard
ZIP Code 73734,Dover,Kingfisher,Standard
ZIP Code 73735,Drummond,Garfield,Standard
ZIP Code 73736,Fairmont,Garfield,Standard
ZIP Code 73737,Fairview,Major,Standard
ZIP Code 73738,Garber,Garfield,Standard
ZIP Code 73739,Goltry,Alfalfa,Standard
ZIP Code 73741,Helena,Alfalfa,Standard
ZIP Code 73742,Hennessey,Kingfisher,Standard
ZIP Code 73743,Hillsdale,Garfield,P.O. Box
ZIP Code 73744,Hitchcock,Blaine,Standard
ZIP Code 73746,Hopeton,Woods,P.O. Box
ZIP Code 73747,Isabella,Major,Standard
ZIP Code 73749,Jet,Alfalfa,Standard
ZIP Code 73750,Kingfisher,Kingfisher,Standard
ZIP Code 73753,Kremlin,Garfield,Standard
ZIP Code 73754,Lahoma,Garfield,Standard
ZIP Code 73755,Longdale,Blaine,Standard
ZIP Code 73756,Loyal,Kingfisher,Standard
ZIP Code 73757,Lucien,Noble,Standard
ZIP Code 73758,Manchester,Grant,Standard
ZIP Code 73759,Medford,Grant,Standard
ZIP Code 73760,Meno,Major,Standard
ZIP Code 73761,Nash,Grant,Standard
ZIP Code 73762,Okarche,Kingfisher,Standard
ZIP Code 73763,Okeene,Blaine,Standard
ZIP Code 73764,Omega,Kingfisher,Standard
ZIP Code 73766,Pond Creek,Grant,Standard
ZIP Code 73768,Ringwood,Major,Standard
ZIP Code 73770,Southard,Blaine,Standard
ZIP Code 73771,Wakita,Grant,Standard
ZIP Code 73772,Watonga,Blaine,Standard
ZIP Code 73773,Waukomis,Garfield,Standard
ZIP Code 73801,Woodward,Woodward,Standard
ZIP Code 73802,Woodward,Woodward,P.O. Box
ZIP Code 73832,Arnett,Ellis,Standard
ZIP Code 73834,Buffalo,Harper,Standard
ZIP Code 73835,Camargo,Dewey,Standard
ZIP Code 73838,Chester,Major,Standard
ZIP Code 73840,Fargo,Ellis,Standard
ZIP Code 73841,Fort Supply,Woodward,Standard
ZIP Code 73842,Freedom,Woods,Standard
ZIP Code 73843,Gage,Ellis,Standard
ZIP Code 73844,Gate,Beaver,Standard
ZIP Code 73848,Laverne,Harper,Standard
ZIP Code 73851,May,Harper,Standard
ZIP Code 73852,Mooreland,Woodward,Standard
ZIP Code 73853,Mutual,Woodward,Standard
ZIP Code 73855,Rosston,Harper,Standard
ZIP Code 73857,Sharon,Woodward,Standard
ZIP Code 73858,Shattuck,Ellis,Standard
ZIP Code 73859,Vici,Dewey,Standard
ZIP Code 73860,Waynoka,Woods,Standard
ZIP Code 73901,Adams,Texas,P.O. Box
ZIP Code 73931,Balko,Beaver,Standard
ZIP Code 73932,Beaver,Beaver,Standard
ZIP Code 73933,Boise City,Cimarron,Standard
ZIP Code 73937,Felt,Cimarron,Standard
ZIP Code 73938,Forgan,Beaver,Standard
ZIP Code 73939,Goodwell,Texas,Standard
ZIP Code 73942,Guymon,Texas,Standard
ZIP Code 73944,Hardesty,Texas,Standard
ZIP Code 73945,Hooker,Texas,Standard
ZIP Code 73946,Kenton,Cimarron,Standard
ZIP Code 73947,Keyes,Cimarron,Standard
ZIP Code 73949,Texhoma,Texas,Standard
ZIP Code 73950,Turpin,Beaver,Standard
ZIP Code 73951,Tyrone,Texas,Standard
ZIP Code 74001,Avant,Osage,P.O. Box
ZIP Code 74002,Barnsdall,Osage,Standard
ZIP Code 74003,Bartlesville,Washington,Standard
ZIP Code 74004,Bartlesville,Washington,Unique
ZIP Code 74005,Bartlesville,Washington,P.O. Box
ZIP Code 74006,Bartlesville,Washington,Standard
ZIP Code 74008,Bixby,Tulsa,Standard
ZIP Code 74010,Bristow,Creek,Standard
ZIP Code 74011,Broken Arrow,Tulsa,Standard
ZIP Code 74012,Broken Arrow,Tulsa,Standard
ZIP Code 74013,Broken Arrow,Tulsa,P.O. Box
ZIP Code 74014,Broken Arrow,Wagoner,Standard
ZIP Code 74015,Catoosa,Rogers,Standard
ZIP Code 74016,Chelsea,Rogers,Standard
ZIP Code 74017,Claremore,Rogers,Standard
ZIP Code 74018,Claremore,Rogers,P.O. Box
ZIP Code 74019,Claremore,Rogers,Standard
ZIP Code 74020,Cleveland,Pawnee,Standard
ZIP Code 74021,Collinsville,Tulsa,Standard
ZIP Code 74022,Copan,Washington,Standard
ZIP Code 74023,Cushing,Payne,Standard
ZIP Code 74026,Davenport,Lincoln,P.O. Box
ZIP Code 74027,Delaware,Nowata,Standard
ZIP Code 74028,Depew,Creek,Standard
ZIP Code 74029,Dewey,Washington,Standard
ZIP Code 74030,Drumright,Creek,Standard
ZIP Code 74031,Foyil,Rogers,P.O. Box
ZIP Code 74032,Glencoe,Payne,Standard
ZIP Code 74033,Glenpool,Tulsa,Standard
ZIP Code 74034,Hallett,Pawnee,P.O. Box
ZIP Code 74035,Hominy,Osage,Standard
ZIP Code 74036,Inola,Rogers,Standard
ZIP Code 74037,Jenks,Tulsa,Standard
ZIP Code 74038,Jennings,Pawnee,Standard
ZIP Code 74039,Kellyville,Creek,Standard
ZIP Code 74041,Kiefer,Creek,Standard
ZIP Code 74042,Lenapah,Nowata,Standard
ZIP Code 74043,Leonard,Tulsa,P.O. Box
ZIP Code 74044,Mannford,Creek,Standard
ZIP Code 74045,Maramec,Pawnee,Standard
ZIP Code 74046,Milfay,Creek,P.O. Box
ZIP Code 74047,Mounds,Creek,Standard
ZIP Code 74048,Nowata,Nowata,Standard
ZIP Code 74050,Oakhurst,Tulsa,P.O. Box
ZIP Code 74051,Ochelata,Washington,Standard
ZIP Code 74052,Oilton,Creek,P.O. Box
ZIP Code 74053,Oologah,Rogers,Standard
ZIP Code 74054,Osage,Osage,Standard
ZIP Code 74055,Owasso,Tulsa,Standard
ZIP Code 74056,Pawhuska,Osage,Standard
ZIP Code 74058,Pawnee,Pawnee,Standard
ZIP Code 74059,Perkins,Payne,Standard
ZIP Code 74060,Prue,Osage,Standard
ZIP Code 74061,Ramona,Washington,Standard
ZIP Code 74062,Ripley,Payne,Standard
ZIP Code 74063,Sand Springs,Tulsa,Standard
ZIP Code 74066,Sapulpa,Creek,Standard
ZIP Code 74067,Sapulpa,Creek,P.O. Box
ZIP Code 74068,Shamrock,Creek,P.O. Box
ZIP Code 74070,Skiatook,Tulsa,Standard
ZIP Code 74071,Slick,Creek,P.O. Box
ZIP Code 74072,S Coffeyville,Nowata,Standard
ZIP Code 74073,Sperry,Tulsa,Standard
ZIP Code 74074,Stillwater,Payne,Standard
ZIP Code 74075,Stillwater,Payne,Standard
ZIP Code 74076,Stillwater,Payne,P.O. Box
ZIP Code 74077,Stillwater,Payne,Unique
ZIP Code 74078,Stillwater,Payne,Unique
ZIP Code 74079,Stroud,Lincoln,Standard
ZIP Code 74080,Talala,Rogers,Standard
ZIP Code 74081,Terlton,Pawnee,Standard
ZIP Code 74082,Vera,Washington,P.O. Box
ZIP Code 74083,Wann,Nowata,Standard
ZIP Code 74084,Wynona,Osage,Standard
ZIP Code 74085,Yale,Payne,Standard
ZIP Code 74101,Tulsa,Tulsa,P.O. Box
ZIP Code 74102,Tulsa,Tulsa,P.O. Box
ZIP Code 74103,Tulsa,Tulsa,Standard
ZIP Code 74104,Tulsa,Tulsa,Standard
ZIP Code 74105,Tulsa,Tulsa,Standard
ZIP Code 74106,Tulsa,Tulsa,Standard
ZIP Code 74107,Tulsa,Tulsa,Standard
ZIP Code 74108,Tulsa,Tulsa,Standard
ZIP Code 74110,Tulsa,Tulsa,Standard
ZIP Code 74112,Tulsa,Tulsa,Standard
ZIP Code 74114,Tulsa,Tulsa,Standard
ZIP Code 74115,Tulsa,Tulsa,Standard
ZIP Code 74116,Tulsa,Tulsa,Standard
ZIP Code 74117,Tulsa,Tulsa,Standard
ZIP Code 74119,Tulsa,Tulsa,Standard
ZIP Code 74120,Tulsa,Tulsa,Standard
ZIP Code 74121,Tulsa,Tulsa,P.O. Box
ZIP Code 74126,Tulsa,Tulsa,Standard
ZIP Code 74127,Tulsa,Tulsa,Standard
ZIP Code 74128,Tulsa,Tulsa,Standard
ZIP Code 74129,Tulsa,Tulsa,Standard
ZIP Code 74130,Tulsa,Tulsa,Standard
ZIP Code 74131,Tulsa,Creek,Standard
ZIP Code 74132,Tulsa,Tulsa,Standard
ZIP Code 74133,Tulsa,Tulsa,Standard
ZIP Code 74134,Tulsa,Tulsa,Standard
ZIP Code 74135,Tulsa,Tulsa,Standard
ZIP Code 74136,Tulsa,Tulsa,Standard
ZIP Code 74137,Tulsa,Tulsa,Standard
ZIP Code 74141,Tulsa,Tulsa,Unique
ZIP Code 74145,Tulsa,Tulsa,Standard
ZIP Code 74146,Tulsa,Tulsa,Standard
ZIP Code 74147,Tulsa,Tulsa,P.O. Box
ZIP Code 74148,Tulsa,Tulsa,P.O. Box
ZIP Code 74149,Tulsa,Tulsa,P.O. Box
ZIP Code 74150,Tulsa,Tulsa,P.O. Box
ZIP Code 74152,Tulsa,Tulsa,P.O. Box
ZIP Code 74153,Tulsa,Tulsa,P.O. Box
ZIP Code 74155,Tulsa,Tulsa,P.O. Box
ZIP Code 74156,Tulsa,Tulsa,P.O. Box
ZIP Code 74157,Tulsa,Tulsa,P.O. Box
ZIP Code 74158,Tulsa,Tulsa,P.O. Box
ZIP Code 74159,Tulsa,Tulsa,P.O. Box
ZIP Code 74169,Tulsa,Tulsa,P.O. Box
ZIP Code 74170,Tulsa,Tulsa,P.O. Box
ZIP Code 74171,Tulsa,Tulsa,Unique
ZIP Code 74172,Tulsa,Tulsa,Standard
ZIP Code 74182,Tulsa,Tulsa,Unique
ZIP Code 74186,Tulsa,Tulsa,Unique
ZIP Code 74187,Tulsa,Tulsa,Unique
ZIP Code 74192,Tulsa,Tulsa,Unique
ZIP Code 74193,Tulsa,Tulsa,Unique
ZIP Code 74301,Vinita,Craig,Standard
ZIP Code 74330,Adair,Mayes,Standard
ZIP Code 74331,Afton,Ottawa,Standard
ZIP Code 74332,Big Cabin,Craig,Standard
ZIP Code 74333,Bluejacket,Craig,Standard
ZIP Code 74335,Cardin,Ottawa,P.O. Box
ZIP Code 74337,Chouteau,Mayes,Standard
ZIP Code 74338,Colcord,Delaware,Standard
ZIP Code 74339,Commerce,Ottawa,Standard
ZIP Code 74340,Disney,Mayes,P.O. Box
ZIP Code 74342,Eucha,Delaware,Standard
ZIP Code 74343,Fairland,Ottawa,Standard
ZIP Code 74344,Grove,Delaware,Standard
ZIP Code 74345,Grove,Delaware,P.O. Box
ZIP Code 74346,Jay,Delaware,Standard
ZIP Code 74347,Kansas,Delaware,Standard
ZIP Code 74349,Ketchum,Mayes,P.O. Box
ZIP Code 74350,Langley,Mayes,P.O. Box
ZIP Code 74352,Locust Grove,Mayes,Standard
ZIP Code 74354,Miami,Ottawa,Standard
ZIP Code 74355,Miami,Ottawa,P.O. Box
ZIP Code 74358,North Miami,Ottawa,P.O. Box
ZIP Code 74359,Oaks,Delaware,Standard
ZIP Code 74360,Picher,Ottawa,Standard
ZIP Code 74361,Pryor,Mayes,Standard
ZIP Code 74362,Pryor,Mayes,P.O. Box
ZIP Code 74363,Quapaw,Ottawa,Standard
ZIP Code 74364,Rose,Mayes,Standard
ZIP Code 74365,Salina,Mayes,Standard
ZIP Code 74366,Spavinaw,Mayes,Standard
ZIP Code 74367,Strang,Mayes,Standard
ZIP Code 74368,Twin Oaks,Delaware,Standard
ZIP Code 74369,Welch,Craig,Standard
ZIP Code 74370,Wyandotte,Ottawa,Standard
ZIP Code 74401,Muskogee,Muskogee,Standard
ZIP Code 74402,Muskogee,Muskogee,P.O. Box
ZIP Code 74403,Muskogee,Muskogee,Standard
ZIP Code 74421,Beggs,Okmulgee,Standard
ZIP Code 74422,Boynton,Muskogee,Standard
ZIP Code 74423,Braggs,Muskogee,Standard
ZIP Code 74425,Canadian,Pittsburg,Standard
ZIP Code 74426,Checotah,Mcintosh,Standard
ZIP Code 74427,Cookson,Cherokee,Standard
ZIP Code 74428,Council Hill,Muskogee,Standard
ZIP Code 74429,Coweta,Wagoner,Standard
ZIP Code 74430,Crowder,Pittsburg,P.O. Box
ZIP Code 74431,Dewar,Okmulgee,P.O. Box
ZIP Code 74432,Eufaula,Mcintosh,Standard
ZIP Code 74434,Fort Gibson,Muskogee,Standard
ZIP Code 74435,Gore,Sequoyah,Standard
ZIP Code 74436,Haskell,Muskogee,Standard
ZIP Code 74437,Henryetta,Okmulgee,Standard
ZIP Code 74438,Hitchita,Mcintosh,P.O. Box
ZIP Code 74439,Braggs,Muskogee,P.O. Box
ZIP Code 74440,Hoyt,Haskell,P.O. Box
ZIP Code 74441,Hulbert,Cherokee,Standard
ZIP Code 74442,Indianola,Pittsburg,Standard
ZIP Code 74444,Moodys,Cherokee,P.O. Box
ZIP Code 74445,Morris,Okmulgee,Standard
ZIP Code 74446,Okay,Wagoner,P.O. Box
ZIP Code 74447,Okmulgee,Okmulgee,Standard
ZIP Code 74450,Oktaha,Muskogee,Standard
ZIP Code 74451,Park Hill,Cherokee,Standard
ZIP Code 74452,Peggs,Cherokee,Standard
ZIP Code 74454,Porter,Wagoner,Standard
ZIP Code 74455,Porum,Muskogee,Standard
ZIP Code 74456,Preston,Okmulgee,P.O. Box
ZIP Code 74457,Proctor,Adair,Standard
ZIP Code 74458,Redbird,Wagoner,Standard
ZIP Code 74459,Rentiesville,Mcintosh,P.O. Box
ZIP Code 74460,Schulter,Okmulgee,P.O. Box
ZIP Code 74461,Stidham,Mcintosh,Standard
ZIP Code 74462,Stigler,Haskell,Standard
ZIP Code 74463,Taft,Muskogee,P.O. Box
ZIP Code 74464,Tahlequah,Cherokee,Standard
ZIP Code 74465,Tahlequah,Cherokee,P.O. Box
ZIP Code 74467,Wagoner,Wagoner,Standard
ZIP Code 74468,Wainwright,Muskogee,P.O. Box
ZIP Code 74469,Warner,Muskogee,Standard
ZIP Code 74470,Webbers Falls,Muskogee,Standard
ZIP Code 74471,Welling,Cherokee,Standard
ZIP Code 74472,Whitefield,Haskell,Standard
ZIP Code 74477,Wagoner,Wagoner,P.O. Box
ZIP Code 74501,Mcalester,Pittsburg,Standard
ZIP Code 74502,Mcalester,Pittsburg,P.O. Box
ZIP Code 74521,Albion,Pushmataha,P.O. Box
ZIP Code 74522,Alderson,Pittsburg,P.O. Box
ZIP Code 74523,Antlers,Pushmataha,Standard
ZIP Code 74525,Atoka,Atoka,Standard
ZIP Code 74528,Blanco,Pittsburg,Standard
ZIP Code 74529,Blocker,Pittsburg,Standard
ZIP Code 74530,Bromide,Johnston,P.O. Box
ZIP Code 74531,Calvin,Hughes,Standard
ZIP Code 74533,Caney,Atoka,Standard
ZIP Code 74534,Centrahoma,Coal,Standard
ZIP Code 74535,Clarita,Coal,P.O. Box
ZIP Code 74536,Clayton,Pushmataha,Standard
ZIP Code 74538,Coalgate,Coal,Standard
ZIP Code 74540,Daisy,Atoka,Standard
ZIP Code 74543,Finley,Pushmataha,Standard
ZIP Code 74545,Gowen,Latimer,P.O. Box
ZIP Code 74546,Haileyville,Pittsburg,P.O. Box
ZIP Code 74547,Hartshorne,Pittsburg,Standard
ZIP Code 74549,Honobia,Le Flore,Standard
ZIP Code 74552,Kinta,Haskell,Standard
ZIP Code 74553,Kiowa,Pittsburg,Standard
ZIP Code 74554,Krebs,Pittsburg,P.O. Box
ZIP Code 74555,Lane,Atoka,Standard
ZIP Code 74556,Lehigh,Coal,P.O. Box
ZIP Code 74557,Moyers,Pushmataha,Standard
ZIP Code 74558,Nashoba,Pushmataha,Standard
ZIP Code 74559,Panola,Latimer,P.O. Box
ZIP Code 74560,Pittsburg,Pittsburg,Standard
ZIP Code 74561,Quinton,Pittsburg,Standard
ZIP Code 74562,Rattan,Pushmataha,Standard
ZIP Code 74563,Red Oak,Latimer,Standard
ZIP Code 74565,Savanna,Pittsburg,P.O. Box
ZIP Code 74567,Snow,Pushmataha,Standard
ZIP Code 74569,Stringtown,Atoka,Standard
ZIP Code 74570,Stuart,Hughes,Standard
ZIP Code 74571,Talihina,Latimer,Standard
ZIP Code 74572,Tupelo,Coal,Standard
ZIP Code 74574,Tuskahoma,Pushmataha,Standard
ZIP Code 74576,Wardville,Pittsburg,Standard
ZIP Code 74577,Whitesboro,Le Flore,Standard
ZIP Code 74578,Wilburton,Latimer,Standard
ZIP Code 74601,Ponca City,Kay,Standard
ZIP Code 74602,Ponca City,Kay,P.O. Box
ZIP Code 74604,Ponca City,Kay,Standard
ZIP Code 74630,Billings,Noble,Standard
ZIP Code 74631,Blackwell,Kay,Standard
ZIP Code 74632,Braman,Kay,Standard
ZIP Code 74633,Burbank,Osage,Standard
ZIP Code 74636,Deer Creek,Grant,Standard
ZIP Code 74637,Fairfax,Osage,Standard
ZIP Code 74640,Hunter,Garfield,Standard
ZIP Code 74641,Kaw City,Kay,Standard
ZIP Code 74643,Lamont,Grant,Standard
ZIP Code 74644,Marland,Noble,Standard
ZIP Code 74646,Nardin,Kay,Standard
ZIP Code 74647,Newkirk,Kay,Standard
ZIP Code 74650,Ralston,Pawnee,Standard
ZIP Code 74651,Red Rock,Noble,Standard
ZIP Code 74652,Shidler,Osage,Standard
ZIP Code 74653,Tonkawa,Kay,Standard
ZIP Code 74701,Durant,Bryan,Standard
ZIP Code 74702,Durant,Bryan,P.O. Box
ZIP Code 74720,Achille,Bryan,P.O. Box
ZIP Code 74721,Albany,Bryan,P.O. Box
ZIP Code 74722,Battiest,Mccurtain,P.O. Box
ZIP Code 74723,Bennington,Bryan,Standard
ZIP Code 74724,Bethel,Mccurtain,Standard
ZIP Code 74726,Bokchito,Bryan,Standard
ZIP Code 74727,Boswell,Choctaw,Standard
ZIP Code 74728,Broken Bow,Mccurtain,Standard
ZIP Code 74729,Caddo,Bryan,Standard
ZIP Code 74730,Calera,Bryan,Standard
ZIP Code 74731,Cartwright,Bryan,Standard
ZIP Code 74733,Colbert,Bryan,Standard
ZIP Code 74734,Eagletown,Mccurtain,Standard
ZIP Code 74735,Fort Towson,Choctaw,Standard
ZIP Code 74736,Garvin,Mccurtain,Standard
ZIP Code 74737,Golden,Mccurtain,P.O. Box
ZIP Code 74738,Grant,Choctaw,Standard
ZIP Code 74740,Haworth,Mccurtain,Standard
ZIP Code 74741,Hendrix,Bryan,Standard
ZIP Code 74743,Hugo,Choctaw,Standard
ZIP Code 74745,Idabel,Mccurtain,Standard
ZIP Code 74747,Kemp,Bryan,P.O. Box
ZIP Code 74748,Kenefic,Johnston,Standard
ZIP Code 74750,Millerton,Mccurtain,P.O. Box
ZIP Code 74752,Pickens,Mccurtain,P.O. Box
ZIP Code 74753,Platter,Bryan,P.O. Box
ZIP Code 74754,Ringold,Mccurtain,Standard
ZIP Code 74755,Rufe,Mccurtain,Standard
ZIP Code 74756,Sawyer,Choctaw,Standard
ZIP Code 74759,Soper,Choctaw,Standard
ZIP Code 74760,Spencerville,Choctaw,Standard
ZIP Code 74761,Swink,Choctaw,P.O. Box
ZIP Code 74764,Valliant,Mccurtain,Standard
ZIP Code 74766,Wright City,Mccurtain,Standard
ZIP Code 74801,Shawnee,Pottawatomie,Standard
ZIP Code 74802,Shawnee,Pottawatomie,P.O. Box
ZIP Code 74804,Shawnee,Pottawatomie,Standard
ZIP Code 74818,Seminole,Seminole,P.O. Box
ZIP Code 74820,Ada,Pontotoc,Standard
ZIP Code 74821,Ada,Pontotoc,P.O. Box
ZIP Code 74824,Agra,Lincoln,Standard
ZIP Code 74825,Allen,Pontotoc,Standard
ZIP Code 74826,Asher,Pottawatomie,Standard
ZIP Code 74827,Atwood,Hughes,Standard
ZIP Code 74829,Boley,Okfuskee,Standard
ZIP Code 74830,Bowlegs,Seminole,P.O. Box
ZIP Code 74831,Byars,Mcclain,Standard
ZIP Code 74832,Carney,Lincoln,Standard
ZIP Code 74833,Castle,Okfuskee,Standard
ZIP Code 74834,Chandler,Lincoln,Standard
ZIP Code 74836,Connerville,Johnston,P.O. Box
ZIP Code 74837,Cromwell,Seminole,P.O. Box
ZIP Code 74839,Dustin,Hughes,Standard
ZIP Code 74840,Earlsboro,Pottawatomie,Standard
ZIP Code 74842,Fittstown,Pontotoc,P.O. Box
ZIP Code 74843,Fitzhugh,Pontotoc,Standard
ZIP Code 74844,Francis,Pontotoc,P.O. Box
ZIP Code 74845,Hanna,Mcintosh,Standard
ZIP Code 74848,Holdenville,Hughes,Standard
ZIP Code 74849,Konawa,Seminole,Standard
ZIP Code 74850,Lamar,Hughes,Standard
ZIP Code 74851,Mcloud,Pottawatomie,Standard
ZIP Code 74852,Macomb,Pottawatomie,Standard
ZIP Code 74854,Maud,Pottawatomie,Standard
ZIP Code 74855,Meeker,Lincoln,Standard
ZIP Code 74856,Mill Creek,Johnston,Standard
ZIP Code 74857,Newalla,Cleveland,Standard
ZIP Code 74859,Okemah,Okfuskee,Standard
ZIP Code 74860,Paden,Okfuskee,Standard
ZIP Code 74864,Prague,Lincoln,Standard
ZIP Code 74865,Roff,Pontotoc,Standard
ZIP Code 74866,Saint Louis,Pottawatomie,P.O. Box
ZIP Code 74867,Sasakwa,Seminole,Standard
ZIP Code 74868,Seminole,Seminole,Standard
ZIP Code 74869,Sparks,Lincoln,Standard
ZIP Code 74871,Stonewall,Pontotoc,Standard
ZIP Code 74872,Stratford,Garvin,Standard
ZIP Code 74873,Tecumseh,Pottawatomie,Standard
ZIP Code 74875,Tryon,Lincoln,Standard
ZIP Code 74878,Wanette,Pottawatomie,Standard
ZIP Code 74880,Weleetka,Okfuskee,Standard
ZIP Code 74881,Wellston,Lincoln,Standard
ZIP Code 74883,Wetumka,Hughes,Standard
ZIP Code 74884,Wewoka,Seminole,Standard
ZIP Code 74901,Arkoma,Le Flore,Standard
ZIP Code 74902,Pocola,Le Flore,Standard
ZIP Code 74930,Bokoshe,Le Flore,Standard
ZIP Code 74931,Bunch,Adair,Standard
ZIP Code 74932,Cameron,Le Flore,Standard
ZIP Code 74935,Fanshawe,Le Flore,P.O. Box
ZIP Code 74936,Gans,Sequoyah,Standard
ZIP Code 74937,Heavener,Le Flore,Standard
ZIP Code 74939,Hodgen,Le Flore,Standard
ZIP Code 74940,Howe,Le Flore,Standard
ZIP Code 74941,Keota,Haskell,Standard
ZIP Code 74942,Leflore,Le Flore,P.O. Box
ZIP Code 74943,Lequire,Haskell,P.O. Box
ZIP Code 74944,Mccurtain,Haskell,Standard
ZIP Code 74945,Marble City,Sequoyah,P.O. Box
ZIP Code 74946,Moffett,Sequoyah,P.O. Box
ZIP Code 74947,Monroe,Le Flore,P.O. Box
ZIP Code 74948,Muldrow,Sequoyah,Standard
ZIP Code 74949,Muse,Le Flore,Standard
ZIP Code 74951,Panama,Le Flore,P.O. Box
ZIP Code 74953,Poteau,Le Flore,Standard
ZIP Code 74954,Roland,Sequoyah,Standard
ZIP Code 74955,Sallisaw,Sequoyah,Standard
ZIP Code 74956,Shady Point,Le Flore,Standard
ZIP Code 74957,Smithville,Mccurtain,Standard
ZIP Code 74959,Spiro,Le Flore,Standard
ZIP Code 74960,Stilwell,Adair,Standard
ZIP Code 74962,Vian,Sequoyah,Standard
ZIP Code 74963,Watson,Mccurtain,Standard
ZIP Code 74964,Watts,Adair,Standard
ZIP Code 74965,Westville,Adair,Standard
ZIP Code 74966,Wister,Le Flore,Standard
